profile_completeness,total_skills,avg_rating,total_reviews,total_projects,account_age_days,portfolio_items,budget_ratio,has_certifications,is_fake
0.37023380222007696,28,5.0,2,0,21,0,0.18340528520901464,0,1
0.31820609015333484,41,5.0,1,3,1,0,0.4965837772211791,0,1
0.45782498360371415,40,0.0,2,4,22,1,0.4479207059906375,0,1
0.1391484308222214,45,5.0,1,2,24,1,0.3495414129008985,0,1
0.6414488395510922,4,4.066298796170438,44,69,1118,6,1.0739150067566154,1,0
0.2374800784067722,34,5.0,0,3,9,1,0.2842217328312054,0,1
0.4768380185965436,30,0.0,2,0,48,1,0.18797235429429682,0,1
0.3467345533707451,25,5.0,0,0,30,0,0.34585306449122466,0,1
0.19714846932679714,37,5.0,0,2,5,1,0.30001073428732417,0,1
0.6537900680271641,6,3.9094991409645163,27,16,1202,8,1.0384383728093103,0,0
0.24390573715889957,39,0.0,1,4,52,0,0.26288335060296697,1,1
0.7698058257355347,8,3.7767933529170445,50,61,889,8,1.0287022252863054,0,0
0.4642218859056666,23,5.0,2,0,54,0,0.10537278264177088,0,1
0.26823662961802286,22,5.0,1,4,31,0,0.23583417418863797,0,1
0.17087895627637853,47,0.0,0,4,49,1,0.1869529349670117,1,1
0.13318857213507884,20,0.0,0,0,15,1,0.3647714264702101,0,1
0.7577489795041196,8,4.841546716413647,36,38,229,14,0.9803916593354673,0,0
0.1980368630541045,25,0.0,1,4,56,0,0.2112504392736636,0,1
0.45899501829451705,38,5.0,1,2,28,0,0.4624118195572545,1,1
0.990164660660065,3,3.8797008177885237,49,79,1028,14,1.1851675792150276,0,0
0.4121738949917845,40,5.0,0,4,37,1,0.29428812614092825,0,1
0.9464497322146864,5,3.9154361384805147,62,14,1415,2,1.1912013199708948,1,0
0.8128435237279467,7,4.793453878847859,68,30,1197,13,0.9757533036879719,1,0
0.3467635513838413,43,0.0,2,2,14,1,0.3427931875704938,0,1
0.6601059970733109,3,4.08450331282078,76,58,854,8,0.8301371721878892,0,0
0.7316838135554399,7,4.323017540869083,59,62,908,4,1.0645056753290927,0,0
0.8006195747898514,3,3.6544444789126276,91,29,1330,7,1.0413202520599243,1,0
0.3248266450677114,39,5.0,1,3,22,1,0.16597883948344885,0,1
0.35747519755095136,49,5.0,1,2,57,1,0.11795372323087601,0,1
0.48397604347223544,25,5.0,1,2,36,0,0.2738806025784978,0,1
0.9913165994024045,13,4.743365954707646,89,25,1740,19,0.8874808417612204,1,0
0.6109471079775673,3,4.492849956757841,58,40,1027,5,0.819362324590068,0,0
0.31954363022894283,31,5.0,0,0,41,1,0.3531174622244355,0,1
0.7359775476607882,10,4.672529135965763,5,71,433,1,0.9208776166009722,1,0
0.9153568931094835,6,4.655997701609276,59,9,951,9,0.9676509967737782,1,0
0.7941428985536407,8,4.3549590007002195,86,13,495,18,1.1984544190053399,0,0
0.3628240796526534,24,0.0,0,1,54,1,0.2898082393246307,1,1
0.11729822168375743,26,5.0,0,1,21,1,0.21071539274611523,0,1
0.402063979885082,29,5.0,1,1,24,1,0.2735913195503833,0,1
0.7789940191840747,3,4.872235184756541,42,33,847,10,0.8153396942415649,1,0
0.807057515752329,11,4.921192700860326,92,29,157,17,1.120633570526076,0,0
0.9347300815196083,5,3.5666492367763674,78,16,728,19,1.019676959176642,0,0
0.684029283199433,14,3.50144202337807,58,29,199,11,1.1987275576960619,1,0
0.4404313061737716,47,0.0,1,0,6,0,0.11129445943508741,0,1
0.9488747131571414,5,3.7545205825740178,25,38,1078,19,1.1853999455950959,1,0
0.9509431388106487,7,3.8180161442683738,43,19,273,2,0.9166870767856057,0,0
0.46755492139351285,48,5.0,1,4,50,1,0.11636519443953852,0,1
0.4907549653920552,27,5.0,1,4,19,1,0.49847142212687134,0,1
0.8361574374749656,4,4.260381303829976,74,14,1639,8,1.1943901927255205,1,0
0.4520420966123194,24,0.0,0,0,1,0,0.45885476609361364,0,1
0.13715550429663323,27,5.0,0,3,57,0,0.40935140268537995,0,1
0.4473364178714446,42,5.0,1,0,35,1,0.45237431361623615,0,1
0.7265367429449495,3,4.583744450391659,60,3,1562,13,1.027839173370887,0,0
0.45718661917181647,46,0.0,2,0,21,1,0.16571742000512418,1,1
0.7670208836841417,3,3.692729606283962,42,39,943,18,0.7452156976124706,1,0
0.8861611598172389,11,3.6790347424798227,90,20,687,11,0.777391387389249,0,0
0.15036879229993683,30,0.0,0,4,11,0,0.19354580880719505,0,1
0.7500676422027871,10,3.754255794914013,53,6,1355,8,0.8785524101789423,1,0
0.8715769811120815,6,4.428557929732538,12,51,343,6,0.920651175574108,1,0
0.12954409204692585,29,5.0,0,0,11,0,0.47108827869402836,0,1
0.8579545899512087,9,4.319155590686668,72,59,1494,10,0.7040240208292878,0,0
0.7291115707899176,6,4.379693836061337,8,74,1261,5,1.0206178284711498,1,0
0.19133687182931525,25,5.0,2,4,54,0,0.28093918938820767,0,1
0.7797321220619209,9,4.913922404062676,97,58,1129,8,0.8180921683872509,1,0
0.23252680942106607,42,0.0,0,2,36,1,0.2864809354536867,0,1
0.37261254900896124,25,5.0,0,2,37,0,0.4321986933012897,0,1
0.3041587396298554,20,5.0,1,1,7,0,0.2663701001856978,0,1
0.3884684020899355,44,5.0,2,0,30,0,0.37514707596511254,1,1
0.7213503485088336,5,4.03733973264085,17,4,483,1,1.053909386448969,1,0
0.3673886651006947,35,5.0,2,0,49,0,0.3273348140865552,0,1
0.6477693115569011,9,3.8500193499431403,28,54,1683,16,0.7940056282499381,1,0
0.8907910780873638,6,3.8711595509811705,40,36,1681,17,1.185504202884681,1,0
0.480642117857606,48,5.0,2,4,51,1,0.20542971654355974,1,1
0.38001935635040096,46,5.0,0,3,47,0,0.4836464709563969,1,1
0.7736433319639652,9,4.1846284982880775,33,14,1724,17,0.7860994554666927,1,0
0.8424021221472858,10,3.561154869822479,62,56,1336,1,0.7447822443667729,1,0
0.30178596084854714,46,5.0,2,4,8,0,0.33195413951765096,1,1
0.9701112839266942,14,4.23117307306391,80,71,1496,19,0.9311726738272632,0,0
0.21310859435162866,39,0.0,1,4,53,1,0.12922060632860008,0,1
0.7319815804417233,9,4.857516382760141,79,4,312,7,0.7915360453827017,0,0
0.12209422056665327,20,5.0,2,0,44,1,0.22887635589015298,0,1
0.9674000136433727,12,4.514303312609448,39,2,1112,8,1.1177031520559013,1,0
0.6768537341345271,3,4.9688153684393495,55,54,1239,9,0.950438875381401,0,0
0.605438040844201,6,4.5784264630361236,68,23,813,16,1.1881113246481014,1,0
0.9317009537513209,10,4.884786444017284,15,27,651,16,1.0764927088114609,1,0
0.4087248040699475,38,5.0,2,2,45,0,0.22023883289096094,0,1
0.46425317496600604,37,5.0,2,1,50,0,0.32816035109822017,0,1
0.35712840992445893,24,0.0,2,3,50,0,0.43025961283065395,0,1
0.4774655047447811,29,5.0,0,4,55,0,0.2944445559707324,0,1
0.8884503568502624,12,3.845536800379961,22,50,1501,14,0.781129331638837,1,0
0.8241090654986465,8,3.830787785350545,30,40,573,2,1.1530455421258652,0,0
0.8680187381642476,11,4.839602995666595,98,12,1157,13,0.8479493072609126,1,0
0.2306066724154383,36,0.0,0,0,36,1,0.27132301827928257,0,1
0.6724985126470733,3,4.99030619331077,21,27,1328,1,0.8019541258108142,1,0
0.2838114405847104,41,5.0,1,3,4,0,0.1801482486728254,1,1
0.7898384335644986,9,4.585765406591926,42,31,918,1,0.9288103020112093,0,0
0.36913301499228846,41,0.0,2,1,25,0,0.29147761243849357,0,1
0.7625287623455925,14,3.582677690895825,7,26,1707,7,1.1883094536700793,1,0
0.7857303232650178,14,4.766790853049782,31,29,1625,9,1.1318137403432367,0,0
0.24241131768565888,37,5.0,0,1,37,0,0.2497995156998427,0,1
0.4349930524334805,29,5.0,1,4,46,1,0.35468563343865633,0,1
0.9753546025701356,7,4.063922652727932,81,17,113,2,0.8128395479622129,1,0
0.29867584296388383,36,5.0,1,2,33,0,0.35663655680996553,1,1
0.702287832218464,11,4.3218757392826115,14,35,819,17,1.0631209236288852,1,0
0.2569208781903738,43,5.0,0,0,38,1,0.27407840099999203,0,1
0.17830028008695967,25,5.0,0,4,9,0,0.20462184433780384,0,1
0.13995527999065027,27,0.0,0,3,42,0,0.44900623381028304,0,1
0.29257961184730086,34,5.0,0,1,42,0,0.4186467887018689,0,1
0.910836965647599,7,3.829650514172833,59,67,1803,11,1.1072351604195378,1,0
0.1643823657759066,22,0.0,1,0,27,0,0.2964793486426519,0,1
0.41992746757070787,21,5.0,0,0,29,1,0.26436771007363824,0,1
0.11706097179163924,44,5.0,2,1,4,0,0.2403881730582337,0,1
0.40821889122130783,37,5.0,1,2,37,0,0.13889814032119474,0,1
0.4494857394913322,40,5.0,2,0,44,0,0.3661218473890173,0,1
0.8862188407619334,4,4.283715594839565,47,17,1573,9,0.79475718191699,1,0
0.8271020327465429,4,4.2504115391395745,70,18,1552,8,1.0226814854273198,0,0
0.7650760357140657,9,3.6980401825254443,85,49,1306,6,0.9290130461754593,1,0
0.4303684762167206,43,5.0,1,0,47,1,0.167551072148776,0,1
0.12315562990695983,34,5.0,0,1,31,1,0.25886927802298604,1,1
0.6699209265913895,5,3.8499655404228115,46,5,1291,10,0.7383245619665275,1,0
0.12163277777577566,23,0.0,0,2,7,0,0.16777269032306066,0,1
0.6565457290839262,6,4.798339948323395,82,12,412,12,0.9765885546291294,1,0
0.2876169992570927,31,5.0,0,2,59,0,0.4613464352431228,0,1
0.7440707905381369,4,4.885803928170381,75,40,380,12,0.843370587237444,1,0
0.8815552659612783,14,4.431211843530499,51,13,1316,3,1.0735482980280624,1,0
0.1808146151884572,39,0.0,0,0,7,0,0.45948990610796847,1,1
0.12446922912201815,28,5.0,0,1,45,0,0.4046868867087996,0,1
0.8332593749693178,11,4.87182672215701,99,61,279,18,0.9119578678016662,1,0
0.3042750107802962,30,5.0,1,0,26,0,0.23238088635673868,0,1
0.4735236105715809,32,5.0,2,2,55,0,0.3000404779895498,0,1
0.420002512727912,20,5.0,1,0,28,0,0.23387268872660802,0,1
0.48574624998758753,44,0.0,2,2,2,0,0.42478778772206593,0,1
0.7445922834450918,6,4.925061920052812,82,37,577,13,0.7484190019003312,1,0
0.38004521172368466,37,5.0,1,3,31,1,0.31424140672210843,0,1
0.3697691978522323,23,5.0,1,3,1,0,0.10202091035963648,0,1
0.7690730402792418,6,3.5546953540910136,44,5,357,11,0.8678242754241727,0,0
0.681199585183444,5,4.6460395860781984,92,27,769,12,0.777511268575368,0,0
0.9505930092360758,4,4.607759599524984,33,36,1108,2,0.9711569536728379,1,0
0.6353893703695352,13,3.683030568682053,12,14,505,19,0.9278690306336119,1,0
0.8111022676611027,8,4.5219218583135445,57,12,980,14,1.1067826132697598,1,0
0.8619565593549772,3,3.9451480403653716,68,59,1363,1,0.778589326585861,1,0
0.9133563920634575,4,4.283088364427848,25,52,1238,8,0.9328575126522718,1,0
0.11729926118107802,23,5.0,0,0,10,0,0.4901865420351271,0,1
0.7564049399307179,11,4.612018529491668,86,69,1032,9,0.8215636380130265,1,0
0.22571072179160712,49,5.0,1,2,27,0,0.12873184247516598,0,1
0.33459706038370274,24,0.0,1,1,5,0,0.40464671774435657,0,1
0.43300607732172525,30,5.0,2,3,10,0,0.10497483714381506,0,1
0.883093437844681,7,4.877285309440046,41,50,1036,11,0.7261763765749805,1,0
0.34170515966687365,20,0.0,2,3,56,1,0.4890628222851814,0,1
0.8911151093962439,3,4.239050095913414,46,65,241,10,0.8035574701424552,0,0
0.23088669382864932,49,5.0,2,0,59,0,0.10665847430369904,0,1
0.6201757716745208,8,4.274781387035288,48,41,781,11,0.7284092190177327,1,0
0.4973442111396986,47,5.0,1,0,57,1,0.12208265278790634,0,1
0.9112307954951063,12,4.202909112595492,11,64,714,3,1.0775139077358062,0,0
0.29160257975942266,49,5.0,0,3,42,0,0.3890930622655876,1,1
0.892680632578642,12,3.8898916507580568,97,53,1308,17,0.8587712373438205,0,0
0.9464910368419426,11,4.234853550850076,61,15,171,9,0.7330811694150283,1,0
0.27625065221426015,36,5.0,1,2,15,0,0.23064507996519149,0,1
0.7374314264633172,9,4.895985743021873,30,30,1326,12,0.7468287461216279,1,0
0.2861916572933395,23,0.0,1,4,24,1,0.21642938268481623,0,1
0.4057745460850425,31,5.0,2,4,49,0,0.23418974631860767,0,1
0.24651542621430803,39,0.0,0,4,6,1,0.16550345989647886,0,1
0.36687248317398324,27,0.0,0,3,58,0,0.35166750891740095,0,1
0.4395195116477165,40,5.0,1,4,49,1,0.35542074431941095,0,1
0.32446319110085314,44,0.0,1,0,28,1,0.2455677954892239,0,1
0.3169068769804234,25,0.0,2,1,20,0,0.2526240668543751,0,1
0.6056523013175419,8,3.7716728606735197,32,40,730,1,0.8242956418461762,1,0
0.1254951030859237,25,5.0,2,4,59,1,0.39451840571825203,0,1
0.9967619249354707,3,3.659123657095485,40,17,423,5,0.9831431971021442,1,0
0.7953463480325527,7,3.5977288070024294,77,21,1584,5,0.9842637770660427,0,0
0.9276486600760953,5,4.635631820119153,96,20,564,14,0.8106352260957848,0,0
0.7218583306347244,12,4.839337929434381,79,44,534,17,0.7338384788452221,0,0
0.8774199720554186,11,4.059982089620187,96,71,1322,5,0.7717789011276921,1,0
0.2176766169031028,30,5.0,1,1,21,0,0.3121496438909316,1,1
0.8737445904162012,12,3.7297445624984897,31,29,109,16,0.7278142719344461,1,0
0.8389569182935149,5,4.3804246324284115,68,37,102,18,1.1996353973675273,1,0
0.6288211487922607,8,4.066921541349867,89,62,755,12,0.770953578168609,0,0
0.6026484761481211,5,4.4730839325163405,41,70,719,1,1.0868073066588542,1,0
0.431643381997205,48,5.0,2,3,12,1,0.1805312328101512,0,1
0.38013678276023033,30,0.0,2,0,40,0,0.11941516212352338,1,1
0.6890467311728944,8,3.948501302344308,50,67,1723,12,0.7522839261163833,0,0
0.3245568410053642,27,5.0,1,2,24,0,0.25039682282639275,0,1
0.7437789272518878,11,4.120841170029954,7,20,350,16,0.7250861258703379,1,0
0.1399837836282568,45,5.0,2,4,48,0,0.15322930993548406,0,1
0.1269002293812257,39,0.0,1,0,49,1,0.38310567240595905,0,1
0.899999752682709,14,4.43375446039472,54,47,1279,7,0.8621389969599988,1,0
0.9345856595950568,3,4.006885508043555,64,78,698,11,0.7156554586108476,0,0
0.9945769128233706,7,4.390718350684667,45,5,452,13,0.8063434464519799,1,0
0.20226540989645667,32,5.0,0,3,38,0,0.36388259664958256,1,1
0.11436340156200134,41,5.0,2,3,47,1,0.22377148294780005,0,1
0.2694767637443517,22,5.0,1,0,58,1,0.4834741878178097,0,1
0.4226394103862293,28,5.0,1,2,43,1,0.48622274107146723,0,1
0.3857416175905296,41,5.0,2,1,14,1,0.4127495425596509,1,1
0.9680837188314595,7,4.804483933779564,22,67,1383,15,0.8654417648749608,1,0
0.9199207179988462,11,4.600869819928329,80,8,1281,10,0.7856367727637896,0,0
0.6678299053280723,5,4.70815733835321,28,31,940,14,1.1580006724504848,1,0
0.7068032767308569,8,4.2683730999755,52,57,895,9,0.8274831870114212,1,0
0.6988708059794493,5,4.8678496661255135,81,16,1209,14,1.0690748073129794,0,0
0.20295569961377674,44,5.0,2,2,47,1,0.3956660221606242,0,1
0.9328224977919505,14,4.66539057689223,88,74,1463,19,1.0200235280687497,1,0
0.7943455446119068,4,4.149094764682179,90,18,1605,8,0.744273853078909,1,0
0.3555184248665556,33,5.0,2,0,57,0,0.1393653628695861,0,1
0.18753324285115075,24,5.0,2,1,10,1,0.10956829929816894,0,1
0.13085604695650055,40,5.0,1,2,16,0,0.17346792824745233,0,1
0.3480901476554724,38,5.0,2,1,23,0,0.36393874132888804,1,1
0.419545843855466,20,5.0,2,0,7,0,0.49128050823986447,0,1
0.9487463123659302,14,3.854569407325383,12,48,1347,6,1.097757682606457,1,0
0.302648659416402,38,5.0,0,4,32,0,0.27849202974262655,0,1
0.8270508875761623,6,4.8836497930202825,66,15,895,3,1.1707712727355057,0,0
0.44147164705755615,46,5.0,1,4,19,0,0.18314392319233233,0,1
0.8784059459171145,13,4.840984006608223,93,17,1693,5,1.0276652540897486,1,0
0.7255134842534273,10,4.811948407370014,58,67,213,7,0.8461805889014934,0,0
0.471378730951554,49,5.0,2,4,53,0,0.4950310273941575,0,1
0.18531025459399464,40,5.0,0,1,20,0,0.24030221077462316,0,1
0.4908902750197268,49,0.0,0,3,5,0,0.3859082356643878,0,1
0.8586991343749235,14,3.8502487222960418,92,64,576,2,0.9584518030155089,1,0
0.1979419535303671,32,5.0,2,0,8,1,0.24594648012260453,0,1
0.9530008866638353,5,4.792713841645233,68,2,879,1,0.7308330596901121,1,0
0.42886923985347936,28,5.0,0,0,49,1,0.42486577844821605,0,1
0.3314133300831298,36,5.0,2,4,36,1,0.27999761262231837,0,1
0.7935933648828859,12,3.6874249061687214,24,63,701,13,0.9192004324694605,1,0
0.4105155854428917,43,0.0,0,1,58,1,0.3613912717460128,0,1
0.43298248921280913,48,0.0,0,3,58,1,0.4147884446787343,0,1
0.8332136773961573,3,4.348793661101719,63,26,1485,5,0.788397136596759,1,0
0.29331898023435665,48,5.0,2,2,10,1,0.3558797608991696,0,1
0.6100652648649002,6,3.6012807284661434,87,74,1116,12,1.0240241690279628,1,0
0.19873038718800926,49,0.0,2,4,21,1,0.4919126134144447,0,1
0.7143992631409218,3,4.320174234988752,56,20,1401,15,0.9942089520037333,1,0
0.4823453197334844,35,5.0,0,3,31,1,0.23581998902379211,0,1
0.33256259658004683,38,5.0,0,0,1,0,0.4866941516159672,0,1
0.9993992711687074,9,4.617029210560142,97,54,382,6,0.894539654027042,1,0
0.4762886535923586,45,5.0,0,4,49,0,0.3030395042759624,0,1
0.8110504999759096,9,3.66753624849442,70,29,1641,19,0.8719009803443303,1,0
0.21632736168668887,27,0.0,2,1,41,1,0.3818480395144649,1,1
0.6145639344537912,5,3.8072137857365593,43,57,1116,8,1.0277838145767175,0,0
0.754147344180768,13,4.697933977420445,88,67,610,9,1.0131762865819531,1,0
0.7973470451218208,4,4.81920085771856,41,31,339,9,0.7885280142641136,0,0
0.3946700699065132,47,0.0,0,2,49,0,0.20052791913017598,0,1
0.6061849511679389,5,4.782588002494437,25,39,1765,1,1.1793634314805945,1,0
0.8311243718356276,13,4.35338128113953,82,1,216,19,0.8307933657309643,1,0
0.7725899486134375,13,4.758461801879244,63,72,830,8,1.0011805331593147,1,0
0.7029066329697478,5,4.761594372347792,46,1,1315,19,0.8143554427457329,0,0
0.4770843585995975,48,0.0,2,0,45,0,0.25693313215378866,0,1
0.16948725549852908,23,5.0,2,0,46,0,0.24210514597220545,0,1
0.7765986871447428,5,4.605992331366535,77,42,313,15,0.7887932071938463,1,0
0.684633369169994,6,4.1431545006145925,54,64,1257,19,1.175752236261378,0,0
0.7286236986819377,4,4.702239626768623,41,7,1179,15,1.063586597590994,1,0
0.8372516241816647,4,3.5997972340054663,88,10,875,1,0.709309868924286,1,0
0.7261541219916066,3,4.556719968764755,83,32,275,18,1.0847822042507613,0,0
0.8380283618578482,5,4.839194591430982,82,24,1255,4,0.8079359863796003,1,0
0.9477170578391252,13,4.000846571563475,98,62,1034,8,1.1368403379066594,1,0
0.1242666420884083,44,5.0,0,3,4,0,0.48421654784364854,0,1
0.24493820928071008,20,5.0,2,4,19,0,0.14700836060589292,0,1
0.4391970579160721,29,0.0,2,4,28,0,0.31395027831831,0,1
0.6477555022724518,6,3.590803322426152,86,48,1190,18,0.9299683636374274,1,0
0.6114161633276387,13,3.824378436123076,99,5,145,11,0.7226488498651131,0,0
0.44164448912986376,41,5.0,2,4,7,1,0.36142081776347035,0,1
0.4526600681467584,33,5.0,0,0,12,1,0.21755835743936444,0,1
0.2761723871806486,45,5.0,2,2,3,1,0.3397935779661778,0,1
0.7205281757932488,6,4.656545387895514,22,15,1110,16,1.0763074262161976,1,0
0.17638172952426437,49,5.0,2,2,45,1,0.39116263338716584,0,1
0.6468285909045174,7,4.265467158983779,34,73,1100,8,0.8221250942733622,1,0
0.9606373764020757,11,4.744044985538799,80,72,812,12,0.9994572057780695,1,0
0.8219441892014333,14,4.805353791120758,52,63,459,16,0.75311388016763,1,0
0.809193399643728,9,4.62209681075326,61,57,1260,8,0.7130697408166243,1,0
0.4333001495439106,45,5.0,1,4,43,1,0.34584384389172707,0,1
0.45102926751986716,22,5.0,1,3,24,0,0.20620259575071925,0,1
0.760791993983899,11,3.984122287394699,85,39,1699,15,0.9035633701228449,1,0
0.4338098448687904,42,5.0,2,3,14,0,0.3393100847194426,0,1
0.6778466131138733,9,4.501562434595965,92,45,137,14,0.8751477783466157,1,0
0.7914172136410942,12,3.525349503810109,74,7,1824,12,0.9437005395641044,0,0
0.9410995579817687,8,4.438735053342163,90,33,313,1,0.8709740436854916,1,0
0.40302429869683165,24,5.0,2,0,59,0,0.254271317411618,1,1
0.7377268887140493,8,4.710329865914019,29,67,773,4,1.0358735175393818,1,0
0.318530215965547,33,0.0,0,3,29,0,0.12125445752471303,0,1
0.987189094325364,13,4.305839471794919,59,26,996,18,1.1633930778264776,1,0
0.7327775773525006,12,3.8654121052160777,91,37,1423,19,0.7422943593475458,1,0
0.1810087165689884,27,0.0,2,3,57,1,0.18775282842526442,0,1
0.8831263457255385,12,4.196574524754383,30,64,207,12,1.1309751003006396,1,0
0.1278565936552364,27,0.0,2,2,37,1,0.45993685000577045,0,1
0.14766946323424457,21,0.0,0,2,37,1,0.16960337875167347,0,1
0.48479762641336666,33,5.0,1,0,2,1,0.11862397041605743,0,1
0.642292869856618,5,4.279385817418533,28,44,1120,17,1.0450187315320414,1,0
0.8060076142164891,5,4.26698389182154,89,63,951,9,1.1540945586012064,1,0
0.904413770158065,10,4.91734688044013,30,50,304,12,0.9383617344873388,1,0
0.3998937976243977,36,5.0,1,4,38,0,0.12540707070700413,0,1
0.6006953215169014,7,4.81692247943063,68,12,458,3,1.1374705045820643,1,0
0.9574446943543276,8,4.260170333727583,55,62,1478,17,0.7943975117368857,0,0
0.9549744606304256,12,3.9917548324425915,56,32,1475,2,0.7063623925403333,1,0
0.405126015662019,40,5.0,2,0,2,0,0.2711433513002943,0,1
0.36358259042401175,21,5.0,1,0,29,1,0.3869499957050684,0,1
0.12853033088011112,39,5.0,0,1,36,1,0.331602644772624,0,1
0.45855315251020834,30,5.0,2,4,48,0,0.23227247829391603,0,1
0.917509378418644,5,4.1140543964475205,29,4,1520,17,1.0013660844113845,1,0
0.8559227891568828,13,3.7549068149590923,44,12,1627,8,0.8841120837550389,1,0
0.6919998841567697,8,4.902787266251915,33,31,321,12,1.044562994754656,1,0
0.2805725503655672,23,5.0,0,1,6,0,0.1279904064696158,0,1
0.6651465721386248,13,4.35514350586992,47,32,1255,2,0.9107402822753612,1,0
0.6735650228424989,9,4.170553152815637,32,64,338,15,1.0967827133505432,1,0
0.8409051665637878,8,4.738545505102104,63,23,1643,3,0.9525070255344117,0,0
0.23502251618593256,44,5.0,0,0,26,1,0.11381998702101988,0,1
0.9873078570055751,8,4.914320982732789,53,17,850,8,0.7159782376439077,1,0
0.8732518332191208,9,4.101740111589007,55,41,436,8,1.131655999170567,1,0
0.6644170567589728,4,3.6249860788613866,45,6,1381,13,1.0509550153132006,0,0
0.486322891889275,40,5.0,2,1,12,0,0.3933624364572522,0,1
0.22868647354350743,44,5.0,0,1,10,1,0.47390953043550876,0,1
0.8047312107498398,13,3.963983574829886,5,43,1354,14,1.142754477642753,1,0
0.29025712453901265,43,0.0,2,2,21,0,0.13418420853773108,0,1
0.2768897788435797,22,5.0,1,3,42,1,0.41195344253268906,0,1
0.19935392385155504,45,0.0,0,0,24,0,0.2281134210385973,0,1
0.2280884048252889,41,5.0,1,2,29,0,0.4438483112989112,0,1
0.2818263664702374,30,0.0,2,2,53,1,0.3586771578030653,0,1
0.17242411825030035,22,5.0,1,1,1,0,0.31392534500215336,0,1
0.3693058837915323,41,5.0,1,1,18,0,0.15958118848562905,0,1
0.918090035968737,6,4.840091629285979,43,18,350,9,1.1363409242322344,1,0
0.7961827736373349,10,3.9223725337515805,53,79,1557,15,1.0277698021217507,1,0
0.8493902223236288,14,4.269064986975431,22,53,1769,8,1.075525833248611,1,0
0.7995528451464944,5,4.2719727986176395,78,23,1803,15,1.145388867638943,1,0
0.4457812930131645,43,5.0,1,4,40,0,0.43740444663404043,0,1
0.6247041268773851,6,4.061229667260347,45,79,898,19,0.9260664525233908,1,0
0.7597035285996516,3,4.780034447698121,64,67,952,18,0.835894761022526,1,0
0.8979749178823914,5,4.523267811793822,79,27,998,4,1.0639699915299725,1,0
0.7869194636388082,12,3.5830822279794114,33,19,1770,3,1.043374002359271,0,0
0.2338551204586462,46,0.0,1,1,5,0,0.377406987708544,1,1
0.4915126247864686,33,0.0,2,2,41,1,0.18712879305048502,0,1
0.19375063770579676,23,5.0,1,3,7,0,0.4206438304728253,0,1
0.8774620912278676,4,4.6713052814916125,46,72,1694,1,1.1221771785560353,1,0
0.7889352789560468,11,4.331340638512586,23,77,1091,5,0.9957596212398465,1,0
0.15816491332973645,27,0.0,1,2,43,0,0.18165548551668365,0,1
0.7705703346316102,13,4.513863830882146,29,58,1628,1,0.8667775128432081,1,0
0.41200042011804117,24,0.0,1,2,58,1,0.19438913810569336,0,1
0.8111236088061424,12,3.850438256404642,56,35,868,6,0.8784055259240684,0,0
0.20038082327731047,35,0.0,0,1,58,0,0.26719672485171975,0,1
0.15829610159663662,34,0.0,1,1,56,1,0.17844121736311216,0,1
0.6947034248270023,10,3.6139951587225814,98,2,1001,19,1.1954681608598778,1,0
0.6489453825461637,12,3.8281602676967483,70,1,629,10,0.7869857027453935,0,0
0.152000425320957,24,5.0,1,3,22,0,0.4354036857142739,0,1
0.3196742682151058,34,5.0,1,3,35,0,0.1181497693174518,0,1
0.23446904508365166,30,0.0,1,3,37,1,0.23607904705337052,0,1
0.33097918099529694,29,5.0,0,3,4,1,0.35626679385585247,0,1
0.7221576386536803,9,4.8642611008245735,82,16,1141,12,0.737717747201948,0,0
0.6378456307541303,12,4.003764518026962,22,54,194,15,1.0353713221130538,1,0
0.7221643376564002,14,4.2290300457368994,45,54,666,13,0.8181664177239016,1,0
0.724478861534021,6,3.5808831765175544,53,45,1530,7,0.7568626934656356,0,0
0.6530702233347765,7,4.748348834969111,10,35,1107,13,0.9319953640573926,0,0
0.9963114241070099,5,4.445899908445522,74,51,1767,13,0.8324023564196719,1,0
0.3463708491748956,47,5.0,2,4,32,0,0.19448994534943212,0,1
0.10490356098805048,30,5.0,1,4,12,1,0.46171661725211643,0,1
0.9111162131168591,11,3.9658559909306326,58,64,442,3,1.076360452778708,1,0
0.3622127141265411,47,5.0,0,1,31,1,0.17757149011634984,0,1
0.7595295195241739,10,4.473662479927803,45,3,1091,18,0.7386618652367727,1,0
0.6017028624818687,6,4.018786524613433,25,74,827,14,1.179868382883626,1,0
0.13997853901147495,22,5.0,0,3,57,1,0.35805583763735427,0,1
0.9641505391361808,10,4.906695313370051,71,47,670,19,0.9773198207827694,1,0
0.8384754533099992,5,4.2592575446113,9,16,1109,2,1.1170936920414103,1,0
0.7876120990717279,13,4.275679714410112,66,78,1044,15,1.0065393376940974,1,0
0.7240515585060276,6,4.49459062769094,55,67,1243,11,0.8968441604210635,1,0
0.6911357820371844,7,4.227029066104739,97,42,1474,15,0.9836179064722714,0,0
0.7120702917846679,9,4.707444899985959,7,73,682,7,0.8034339691744953,1,0
0.9552016450368763,7,4.399497919596465,19,56,573,3,0.7559670710285099,0,0
0.8548350153530802,10,3.9931827729007603,87,48,1502,15,1.0797224503319538,0,0
0.46553462995072914,39,0.0,0,1,16,1,0.27624152870549407,0,1
0.7737517340728474,6,3.6890459636584505,52,39,1571,11,0.8687142755722655,1,0
0.7126021177086376,3,3.7157965349337165,58,16,842,8,1.1203955798574592,0,0
0.7507410280024979,3,3.635522758562582,54,69,558,15,1.1690056639481805,1,0
0.6543143251027614,10,4.1582468808059465,86,10,883,4,0.7337141700239231,0,0
0.22348872425220226,25,5.0,2,0,48,0,0.4452001695744513,0,1
0.9619393637265055,8,4.422562877332058,17,27,1752,1,0.8637451495166821,1,0
0.9032220497720426,8,3.6330055529353014,21,75,869,8,0.8615722693731831,1,0
0.14307470804029954,33,5.0,0,2,41,1,0.4676548304936543,0,1
0.6317353624806356,8,4.7946027352609,40,50,266,17,0.7806878835499795,0,0
0.20565757812546404,41,5.0,1,1,11,0,0.4016483460916923,0,1
0.8330549063144658,14,4.661895299817831,68,70,1540,3,1.1242991154507798,0,0
0.9582357559876471,6,4.977414257722151,89,49,435,14,0.9390006653624101,1,0
0.6391438485569677,5,3.7802071919866473,64,33,710,5,1.0776193699190846,1,0
0.48895960363333413,35,5.0,0,3,54,1,0.1766115998518195,0,1
0.69780481686148,6,3.6688019141021644,60,15,289,12,0.964264083570272,1,0
0.9541606308173053,10,3.5161691253697893,97,41,883,3,0.791376145866131,1,0
0.24677670182391975,33,0.0,1,0,13,0,0.2639936247368708,1,1
0.23702231374300156,45,5.0,1,4,9,1,0.19629145424236516,0,1
0.7704191180175283,10,4.611992302570143,48,65,940,2,0.8156910083020408,1,0
0.7112723659771883,8,4.460656504368161,36,43,1207,11,0.7219700335558967,1,0
0.17788649126129044,35,5.0,2,2,46,0,0.48280189560988285,0,1
0.9047107143129712,7,4.848532148082422,19,9,1562,17,0.9967299949471483,1,0
0.8878011502959238,5,3.6583932682126084,89,11,1364,13,1.0931608577735754,0,0
0.4317538683959904,32,5.0,2,2,53,0,0.49599213740568526,0,1
0.244288028086182,28,0.0,0,4,38,1,0.2960277476996927,0,1
0.7004731343528909,10,4.698754807488071,70,58,526,4,1.1199184474095514,1,0
0.4423043458338619,37,5.0,2,4,35,0,0.49899193427548527,0,1
0.38402766733897187,22,5.0,0,1,10,1,0.159567971553359,0,1
0.9464258691234717,10,4.348955402147169,62,13,1253,10,1.0817206895005165,1,0
0.8897404316963639,4,4.7917077423928,50,8,772,4,0.7215386994577082,0,0
0.25895181346387225,20,5.0,1,2,28,1,0.21852982724715955,0,1
0.954923818913053,10,3.9116464809484084,51,50,304,6,1.1735518656768855,1,0
0.384066077808212,33,5.0,0,0,53,0,0.35090629152575425,0,1
0.8398431580247562,13,3.9726071956240188,30,74,252,1,0.9835377497126889,0,0
0.8099853563600282,11,3.8637495519106193,32,50,1654,1,1.0042153849326725,1,0
0.9998482694495592,3,4.586247844429243,84,77,1092,11,1.0321766622657018,1,0
0.36944575896264487,48,5.0,2,0,5,1,0.26764872326691724,0,1
0.4055907793115193,47,5.0,2,1,21,1,0.48904105216760996,0,1
0.8506099989890061,4,4.139420316388295,23,50,1210,5,0.7373042554412188,1,0
0.6010048623971909,9,4.15316018863556,34,42,484,10,0.938845640432054,0,0
0.180026808537649,28,0.0,0,1,33,1,0.17527851137981187,0,1
0.42018508584191594,39,5.0,0,3,11,0,0.35535093904854975,0,1
0.24356955110097084,40,5.0,1,4,34,1,0.4955733032172456,0,1
0.2854611189413713,43,5.0,2,1,11,0,0.10902887517136235,0,1
0.2773007168376674,22,5.0,2,2,16,1,0.4674604502490288,0,1
0.9240589599030382,10,4.168580302934285,69,39,711,1,1.0118116066394562,1,0
0.655668472112188,3,4.722347361332023,31,43,339,19,1.0351322450286762,1,0
0.4376626425863337,49,0.0,0,4,38,1,0.20613595875717447,0,1
0.3612134780871811,33,5.0,2,4,13,1,0.17473521572437467,0,1
0.13922134178863033,22,5.0,1,1,38,0,0.3128707735437616,0,1
0.2417960972910711,30,0.0,2,3,31,0,0.3621702929999481,0,1
0.605992162793859,7,4.790773036466248,41,5,991,15,0.9760133676841305,1,0
0.11427134747832995,32,5.0,2,4,39,0,0.24762277886223394,0,1
0.14847884720723248,28,0.0,1,1,56,0,0.22325243036172174,1,1
0.39569328240439205,41,0.0,1,0,55,1,0.33235129313922585,0,1
0.3129604786695066,41,5.0,2,1,44,0,0.11910205790566862,0,1
0.44711997156252126,20,5.0,0,4,5,1,0.10015521464639265,1,1
0.8001656906709872,4,4.5460519189241175,46,17,1099,2,0.7567245976523802,1,0
0.7503859098352443,5,3.698747383076773,69,60,667,6,1.0037660072385937,1,0
0.12711335613392238,21,0.0,1,4,36,1,0.1324466935658745,0,1
0.7797550036260673,12,3.6455743687699727,7,1,459,15,1.0100469140135464,1,0
0.2054883605807044,33,5.0,2,4,24,0,0.31668287016559693,0,1
0.9087646329706757,4,4.080105787576614,93,13,1607,12,0.8216654825758684,1,0
0.63769621341082,5,4.708483208623895,9,9,1139,9,1.1271929693041502,0,0
0.9638223674494595,4,3.6598835886074523,34,12,1171,7,0.8678316538969457,0,0
0.9027467853090145,9,4.997665223398778,16,43,139,16,0.8541875709194239,0,0
0.33673315903363915,42,0.0,2,2,30,0,0.4266101273090793,0,1
0.8957735277409156,8,4.498910212755913,34,12,1790,16,0.9366068259769171,0,0
0.7361818469897028,10,3.647399427099702,14,65,241,2,1.0240884641136163,0,0
0.6844433894309895,9,3.8593113091348186,9,2,982,3,1.0022463007205817,0,0
0.6215919081783701,7,3.9026261622130094,49,45,1022,15,1.1992493366724617,1,0
0.9431289532823546,10,4.366510828177362,51,24,1298,5,1.191687917425474,1,0
0.9897818007642545,3,4.1039664743292,9,5,1576,10,0.7767701790883266,0,0
0.915812651050584,7,4.703222109809486,14,4,802,18,0.8470067267290173,1,0
0.7553296764094901,5,3.740794158566329,53,54,1824,4,1.10154103757709,1,0
0.9400521835453199,14,4.383775306529832,71,61,274,18,0.972162566451575,1,0
0.2675787071922141,37,0.0,0,2,6,1,0.40409873973884103,0,1
0.3043699351545133,28,0.0,2,3,42,0,0.19690337020468007,0,1
0.8458826046482999,7,4.345453737042674,58,14,470,1,1.1933288721776638,1,0
0.15807095509290903,32,0.0,1,0,17,1,0.20680580961437875,1,1
0.48799367334257715,36,0.0,2,2,37,1,0.18684155898705312,0,1
0.39411732667605326,41,5.0,1,2,37,1,0.2230912603444118,0,1
0.30496227608565346,45,0.0,2,4,35,0,0.29282513394214327,0,1
0.19899668384336355,33,0.0,2,0,49,1,0.31207141969729424,0,1
0.21392748700252057,20,5.0,2,3,44,0,0.28274289925730145,0,1
0.8689104637558924,10,4.52925554352589,39,7,1602,17,0.91302722891906,1,0
0.19057475618950892,44,5.0,0,0,8,0,0.1105959310424324,0,1
0.3036873212647818,47,5.0,2,3,7,1,0.2154392033318815,0,1
0.12185466384602361,40,5.0,0,1,25,1,0.17459011028270527,0,1
0.10675498892849533,36,5.0,2,1,25,1,0.30767121816753185,0,1
0.9384862739494533,12,3.7880112973594438,78,61,453,18,0.756110724890591,0,0
0.8999988610523499,12,3.885529957032703,81,52,1671,12,1.182819955156022,1,0
0.8218189077502116,10,4.269450414162772,65,31,1115,17,1.0951674381298524,1,0
0.3472144000438867,31,5.0,0,2,30,1,0.23328131928734544,0,1
0.24551788714599662,35,0.0,1,3,27,0,0.34677879916481946,0,1
0.37988282470701873,45,5.0,2,3,25,0,0.39022750062623324,0,1
0.9636435929832794,6,3.9155458582080085,80,68,1784,12,1.137120255303616,0,0
0.7817067060960904,8,3.674816378665312,83,12,1521,18,0.797733277385516,0,0
0.8367472870086802,5,3.981912279813151,52,28,955,14,1.0531186916909674,1,0
0.600288737048608,6,4.711825825094702,91,24,910,7,1.1892106158876583,1,0
0.2447203501531383,24,5.0,2,3,28,1,0.20278696214328928,0,1
0.15615656248496604,39,5.0,2,0,36,0,0.4377420127933932,0,1
0.6149106423813665,11,3.778504678575244,41,73,359,16,1.0048749582556327,1,0
0.7722009391963379,6,4.654219674657067,29,32,173,9,1.1932978055975556,0,0
0.7726192577692469,3,4.664679378827652,98,47,528,7,1.1150514462263181,0,0
0.740343627570245,12,4.12297246036241,92,57,1334,7,1.1708370053458597,0,0
0.43904129106367396,33,5.0,1,0,59,0,0.44710340280643746,0,1
0.6769107492939301,4,3.66058893280041,35,4,94,15,0.7492572242271238,1,0
0.9948729171096804,5,3.705610585367991,11,77,265,10,0.7952744246159412,0,0
0.6040103303297902,4,3.6770938484177904,20,56,1089,19,0.9092802586123625,0,0
0.3758616268944789,45,0.0,0,3,30,1,0.3857141309935147,1,1
0.6930340609501427,5,4.690959003952091,21,28,1529,2,0.8224915455690982,1,0
0.8859476948949787,7,3.698498999817852,79,60,1155,10,0.959740641976349,1,0
0.3655409851821565,45,5.0,2,4,49,0,0.28996108446103164,0,1
0.4774355830732796,36,5.0,0,2,37,1,0.23970189834844413,0,1
0.3257611700611679,20,5.0,0,1,53,1,0.3672115104529786,0,1
0.30430795398789506,20,5.0,0,3,3,0,0.15006267928007216,0,1
0.10901981861005178,22,5.0,2,4,58,1,0.49208257694916513,1,1
0.1834354385725268,40,5.0,2,3,48,0,0.4578239939615044,0,1
0.7597449681493618,5,3.907501784193446,25,7,761,16,1.1949349019829554,1,0
0.6074614332416818,11,4.236354672196427,39,60,230,1,0.7211239459619276,1,0
0.9074251133394836,7,4.444188462222654,41,34,1163,7,1.1473206105607834,1,0
0.4712897716095298,44,5.0,0,1,11,0,0.27690528777124,0,1
0.6742477821457518,7,4.175270588655918,27,22,482,8,0.9292144004387077,1,0
0.7197716990838496,4,4.729344159042805,59,57,1585,5,0.7605306544159591,1,0
0.6086772168575051,8,4.101252267124016,72,72,1668,9,1.0053292401074096,1,0
0.9898816483444257,13,3.802414024452726,87,78,1753,5,0.7929820085883746,0,0
0.9965333125872827,11,4.934248736667084,50,7,831,17,1.0047281961845318,1,0
0.14407917600201672,40,5.0,0,1,7,0,0.16332371948457639,0,1
0.20663287390343907,35,5.0,2,1,20,1,0.3948396109454202,0,1
0.36024527241895143,38,5.0,1,2,55,1,0.18258028252035616,0,1
0.9356313661802256,13,3.8839548632166796,65,65,1138,5,0.7822777247730623,1,0
0.9638678972367407,13,3.6108807470995194,53,77,1668,19,0.8543638381625526,1,0
0.9028767296656924,7,4.109355499399867,42,56,235,13,1.0993380304400764,1,0
0.8656924374990864,4,4.010194854278195,76,54,97,10,1.0909488307944877,1,0
0.6130026868061956,7,4.950133979582892,60,21,573,4,0.7953244394504955,1,0
0.15195586401161526,46,5.0,2,0,36,1,0.12766995503835213,1,1
0.3343136868260498,30,0.0,1,0,59,0,0.34195433722334134,0,1
0.4236722320406421,29,5.0,2,3,4,0,0.24570322227008745,0,1
0.697609171079281,3,3.8727939207413256,44,12,1760,15,1.149515783115582,1,0
0.8958124962927503,8,3.573473025293615,34,17,391,17,0.9125849027983806,1,0
0.21387460063338543,21,5.0,0,3,13,0,0.289633620718846,1,1
0.1580972112175145,24,5.0,0,2,47,1,0.22565564018430304,0,1
0.38139582528750315,43,5.0,1,3,14,1,0.4071722468339183,0,1
0.4994137999690679,33,5.0,2,0,49,1,0.43592552858090816,0,1
0.6874918588845238,9,4.009776294539545,89,68,480,18,0.7048013986149495,1,0
0.4146232559424323,39,5.0,2,1,52,0,0.11845745150065486,0,1
0.13890403074763397,48,0.0,2,1,34,0,0.3898083029872369,0,1
0.6419166343217552,5,4.176190178615272,45,29,983,17,0.7177686454945732,1,0
0.35472233733414693,22,0.0,2,3,3,1,0.480757973581727,0,1
0.7978765664239301,10,4.753626471230508,15,77,160,16,0.7528458415153366,1,0
0.8866892547669416,3,4.124458386525097,8,43,1033,17,0.7070605349290928,0,0
0.9400609334662627,9,4.096027827137824,59,63,781,5,0.9877535786548846,1,0
0.4912734362587472,36,5.0,0,2,48,0,0.1034322015054226,0,1
0.9515522033463748,14,3.6636260474722624,95,34,594,15,0.7703742940077419,1,0
0.7147053229524509,8,3.9934536857419802,72,12,1016,8,1.115113404032059,1,0
0.34687510403527444,36,0.0,1,4,41,1,0.4498149813339867,0,1
0.6780153579760878,4,3.799822539429458,89,36,974,10,1.0818950165853136,0,0
0.6791044808124251,4,4.506964748295788,14,20,1714,19,0.823789982015593,1,0
0.20834883737916457,24,0.0,2,2,22,1,0.4282202114477561,0,1
0.41868428514875355,29,0.0,1,1,10,1,0.2749364551669986,0,1
0.7736558431158473,14,4.0835638861606975,71,69,451,8,1.1042594973695654,1,0
0.8894925060991952,6,4.550346348355342,25,51,637,14,0.8677766656862216,0,0
0.20803185804519964,31,5.0,0,1,14,1,0.24366314647331488,0,1
0.2490776967240841,25,5.0,2,2,40,0,0.447005431655212,0,1
0.6105527618571388,9,4.1885682044070744,82,18,1183,5,0.91946069105985,0,0
0.3235796081257266,43,5.0,0,1,21,0,0.36723498022657297,0,1
0.8197961328783668,3,4.207941543017627,94,7,1390,17,0.9422059610913175,1,0
0.18205957117236068,40,0.0,0,3,27,1,0.1890545361026731,0,1
0.9506909022193161,3,4.274317729589941,21,61,1001,19,1.1683809218985135,0,0
0.4637229197720947,45,5.0,0,1,35,1,0.1816467903932868,0,1
0.9104675463988676,3,4.546523655377469,46,43,407,18,1.00013017356514,0,0
0.2344602550159087,34,5.0,2,0,2,0,0.38916599586284184,0,1
0.8854282897260439,7,4.768100845331605,13,66,1143,1,1.1314922336609976,1,0
0.7838314952341541,12,4.888128435132268,72,10,828,9,0.9087089744145308,0,0
0.8881101702145417,14,4.579680339687943,39,8,744,1,1.090359642844508,1,0
0.2568720615501745,36,0.0,0,4,26,0,0.4590049913480295,1,1
0.8109554252666776,11,4.537833339654027,84,9,185,2,1.0895602405019342,1,0
0.6587996633745014,7,4.455078061373056,37,48,1084,19,0.7558741007126464,0,0
0.8943228794975153,8,4.020971465298471,30,72,895,11,0.7763115531200595,1,0
0.6603674264045897,11,4.633714360509737,46,8,1666,19,0.9022024509119185,1,0
0.8145079818600528,12,4.173261273974855,41,20,1700,9,0.9188502349187502,1,0
0.8534173840812351,3,4.256939772545589,47,70,1166,17,0.9550063078186624,1,0
0.11971282706683746,27,5.0,0,1,7,0,0.2476483825765605,0,1
0.33267030031825673,27,5.0,2,3,41,1,0.3159005255058236,0,1
0.2748853045988904,22,0.0,2,3,56,1,0.18198844674244438,1,1
0.18608893954486053,49,5.0,1,1,21,0,0.42358313110398216,0,1
0.7654546057446054,13,4.384404907774471,24,4,1172,7,1.0260705911465424,1,0
0.9653321773229182,9,4.661454802306254,38,29,271,13,1.0268548300246572,0,0
0.6644932329688789,3,4.731324821275435,21,33,1468,4,1.1240887149146679,1,0
0.28120388639917626,34,5.0,2,0,41,0,0.24990028439284992,0,1
0.8171410451466055,3,3.936961988780683,66,44,1292,16,1.0894072914079254,0,0
0.4496013239101141,39,0.0,1,1,17,1,0.1757444792969075,0,1
0.23913171001207845,39,0.0,2,2,5,0,0.24222024067834186,0,1
0.659311093903687,13,4.86473085531186,92,59,417,14,1.0422606018492346,1,0
0.9960763801466433,4,3.5105091441323504,58,8,469,16,0.7254702669988798,1,0
0.8924886923924951,14,4.307751140444413,67,4,1226,17,0.9708690934418213,1,0
0.8981364000662095,9,4.8346838418051945,74,48,1672,10,0.9404219628299952,1,0
0.9215881803958419,12,4.6773135306189335,21,48,332,15,1.1980605966738447,1,0
0.33118941130412394,29,0.0,1,3,21,1,0.2399796720274141,0,1
0.31826428363901127,26,5.0,2,3,20,0,0.114222653015283,0,1
0.4829452074281724,49,5.0,0,1,20,0,0.21951644306810045,0,1
0.9043771156983929,6,3.8122888082899875,70,46,1081,2,1.1050463838140925,0,0
0.8941103195266835,8,3.556149900691356,88,13,953,15,1.09370870916451,0,0
0.18365136657729933,35,5.0,0,0,45,0,0.19083888012897265,0,1
0.7632856758721862,9,4.123688489468311,33,76,1000,13,0.9291493142707301,0,0
0.8750284757201288,3,4.961416817556512,37,20,160,3,0.7164650176530893,1,0
0.32617514375948053,38,0.0,0,1,21,1,0.19689889545352465,0,1
0.7211634772970036,5,3.8000673536162792,5,44,201,6,1.1607720896806246,0,0
0.8256019836915878,14,3.804459793954778,83,64,1432,3,1.0636358627723297,1,0
0.21634652565864185,32,5.0,0,4,54,1,0.2334200068215766,0,1
0.7745836625354379,13,3.920165966863818,95,35,1768,14,0.9386879513805522,1,0
0.7959008721450687,4,3.675849870451003,50,9,170,9,1.0167238326462276,1,0
0.20924069741208157,24,0.0,0,0,38,0,0.1937568915463988,0,1
0.8958394911931522,12,4.324693447840624,29,6,1314,16,0.8697332016121571,1,0
0.9640106831988962,5,4.6508983463670095,81,71,1101,13,0.8134077396307757,0,0
0.8079194607989927,3,3.589902549249613,13,59,1319,14,0.8618123085443504,1,0
0.49267206900534954,42,5.0,1,0,35,1,0.25106345785616957,0,1
0.6662412259606202,11,3.710630487955476,24,67,1701,2,0.9769670657020828,0,0
0.7633030780628465,5,4.234893025714286,63,58,663,12,0.7620767475711894,1,0
0.11206389049422844,27,0.0,0,1,36,0,0.1944340275061328,0,1
0.27132697508856174,48,0.0,0,4,41,1,0.3505574389698437,0,1
0.33649392757887464,46,5.0,0,3,52,0,0.22389467368616855,0,1
0.6047439520895771,13,3.592001965643352,68,15,1435,6,0.9571211225512725,1,0
0.3009596153792361,36,5.0,1,0,54,1,0.4972180959500543,0,1
0.42100662692312096,26,0.0,2,2,58,0,0.4835510829473483,1,1
0.7124297499641066,3,4.152590002067711,98,67,266,7,1.0233699446037994,1,0
0.7999684297061033,3,3.6099958018305593,87,38,685,11,1.1505712994825332,1,0
0.8202070538103947,3,4.878904043573696,94,45,868,4,0.8437953261572573,1,0
0.48986628863651893,44,5.0,0,1,22,0,0.41183558246960417,0,1
0.11480369994877511,29,0.0,2,2,10,0,0.2906782792254269,0,1
0.36789316062323696,31,5.0,0,1,4,0,0.20275839834808795,0,1
0.24471165048961488,43,5.0,2,2,57,1,0.2006007210991003,0,1
0.6432812550630086,3,3.758086879226142,47,61,135,6,0.8377328169794735,1,0
0.6314738735656841,13,4.113852207634947,25,20,956,8,1.0273656305679544,0,0
0.1827656646075164,25,0.0,1,2,19,0,0.14301310714622095,0,1
0.1494555589474585,38,0.0,1,0,56,0,0.24866252707541095,0,1
0.11026070305101206,46,0.0,2,2,43,1,0.31831348879948596,1,1
0.7851798414796842,4,4.852954146578234,37,19,267,1,1.1618507881747142,1,0
0.8651362468201668,10,4.71769787119124,39,48,1043,2,0.795558982121285,1,0
0.7401181794207959,6,4.198967193070878,72,28,1353,8,1.1654543681915583,1,0
0.8711565650163722,7,3.6176972199810473,88,48,943,7,0.7965629946362301,1,0
0.37333100770083727,33,0.0,0,0,56,0,0.16440004340538722,0,1
0.3107650798796525,37,0.0,0,2,16,0,0.44005499037463114,0,1
0.9196110591772851,9,4.134065277690583,87,24,1587,14,1.098862636249569,1,0
0.9461741228355692,12,3.5785081334573947,33,72,1076,1,0.7575930059017071,1,0
0.1183969815065932,22,5.0,1,4,47,0,0.3635983785166459,0,1
0.4633679601827013,49,0.0,0,3,36,1,0.10110101891244844,0,1
0.6457738916180188,3,3.5860086581886597,56,53,1113,7,0.9588674820629992,1,0
0.9435565083986717,3,4.845514031630954,59,4,140,16,1.0378838869558769,1,0
0.4903246876998142,27,5.0,2,0,18,1,0.2855606756963529,1,1
0.39002302871776595,22,0.0,2,4,4,0,0.17395315925518387,0,1
0.33991292490003067,29,5.0,1,3,36,0,0.4125535954666165,0,1
0.30995913615088666,31,0.0,0,2,54,0,0.3351050567005357,0,1
0.28987261192710423,29,5.0,0,2,28,0,0.2630993551923227,0,1
0.46174306573401425,26,5.0,1,3,56,1,0.4294279220694861,0,1
0.1554383345609015,21,0.0,0,1,3,0,0.14086036676305663,0,1
0.8045409107432421,4,4.797736570063266,20,23,158,12,1.1631961770448513,0,0
0.39316299235133856,40,5.0,0,0,54,1,0.4188529577930348,0,1
0.9980006000486774,8,4.04385649340577,33,70,1430,18,0.8715941091460787,1,0
0.12039812939355521,28,0.0,2,3,26,0,0.35301376068074763,0,1
0.6202147293498325,6,4.098418897451049,37,72,1182,7,0.7471378573235044,1,0
0.8688119177927122,4,4.242377896881282,65,56,1730,8,1.1213666708799384,1,0
0.2604758931230058,25,5.0,1,0,28,1,0.4953848425516756,0,1
0.6431186661651501,13,3.7516612307594803,73,36,1351,18,1.0904013709304057,0,0
0.45250889925611193,41,0.0,0,4,54,0,0.335438376656244,0,1
0.1310495581247011,39,5.0,1,0,18,1,0.2751370291866033,1,1
0.17961742497854158,31,0.0,1,0,3,0,0.3681846895934946,0,1
0.39446602901924543,30,5.0,1,3,32,1,0.15813701675295755,0,1
0.9544081156964348,12,4.055629805765476,28,5,216,16,1.1353647802338354,0,0
0.6530688095974698,11,4.794655428925882,62,57,649,4,1.127761554624712,0,0
0.36101502925178275,45,0.0,0,4,28,1,0.43066157589204435,1,1
0.3965737889621599,28,5.0,2,2,59,0,0.46604643090637154,0,1
0.7955367226842752,14,3.722604587594468,15,59,153,4,0.9845034166386741,1,0
0.8142144980910637,11,4.553246543499839,5,29,1498,3,0.8312718947292029,1,0
0.30530417802943993,21,5.0,0,1,39,0,0.26671533150917753,1,1
0.6258603046220688,5,4.135421748493863,9,22,1068,8,1.1157807399893207,1,0
0.3071665911853002,36,5.0,2,4,37,0,0.4112872232076453,0,1
0.8050165283543733,7,3.531768185381742,30,26,1442,2,1.0357433649645011,1,0
0.9419206288059054,6,4.9932456727349575,82,40,330,15,1.0843146803386703,1,0
0.9794440171761665,12,4.707600460277465,91,47,1219,16,0.7822664565027947,1,0
0.3696578108356584,37,5.0,1,2,35,1,0.16446376195690704,0,1
0.9816117696336484,11,4.58358275589801,75,74,1471,4,0.989886277137703,1,0
0.7698884268256548,6,3.8705451963239166,79,7,1399,11,0.7758684356139431,1,0
0.19113611824730806,40,0.0,1,2,48,1,0.25915525510202886,0,1
0.16513005122877494,44,0.0,1,4,59,0,0.24564051373246182,0,1
0.19676171932055186,24,0.0,2,4,26,1,0.1968225998585018,0,1
0.21351389616937166,29,0.0,0,3,15,0,0.2219334248291991,1,1
0.7409265424933911,10,4.936254356535847,97,27,476,1,1.1149268162846777,1,0
0.29500764977872485,39,5.0,1,2,29,1,0.3019056125439633,0,1
0.24339879204676584,36,0.0,1,1,36,0,0.43429335163917826,0,1
0.25969668387942213,35,5.0,0,2,23,0,0.22971822854018958,0,1
0.3446834320165049,32,0.0,2,3,36,1,0.32985073676629095,1,1
0.3003391251201827,32,0.0,2,2,29,1,0.45068107119810574,0,1
0.40799741382722043,32,5.0,2,4,48,0,0.4960439421841424,0,1
0.31991588123084036,27,5.0,1,3,37,0,0.27082798791747537,0,1
0.8604875970894877,4,4.802107166792636,83,21,109,19,1.1841759658421176,1,0
0.1803453672464282,27,5.0,2,2,47,0,0.4033684450230287,0,1
0.6408513477744774,6,3.526771852812864,95,45,250,14,0.9096366007312625,0,0
0.16568310633517014,41,0.0,2,3,50,0,0.2807607844830766,0,1
0.3801202405630063,33,5.0,0,2,14,1,0.1928704837863311,0,1
0.41559280888912176,31,5.0,0,0,56,0,0.13606056262716637,0,1
0.7093688966665846,7,4.548914940291972,38,68,154,15,0.9923760429148596,0,0
0.9398806070919026,11,4.527371357094021,83,39,109,4,0.7279957941955228,1,0
0.42193235684059405,44,5.0,2,4,31,0,0.322242461476495,0,1
0.6192862051975201,5,4.985782864342319,81,65,1771,1,0.8555955390613127,1,0
0.7641993756391847,4,3.5823946113865235,55,45,1022,19,0.8871749993660227,1,0
0.6150579656693531,9,4.240068690814126,26,33,847,13,1.0566192203086446,1,0
0.39553208811203255,36,5.0,2,0,1,0,0.25958034853662804,0,1
0.42533525268069217,37,0.0,2,0,21,1,0.455741287956943,0,1
0.44001899078780937,30,5.0,2,2,44,1,0.3326907530325057,0,1
0.34544940275243685,21,5.0,1,2,46,0,0.41886909988944865,0,1
0.9993142033275272,3,4.938166139402111,49,75,1316,9,1.0933247503440593,1,0
0.6446013208053977,14,4.684488055843361,12,17,1157,11,0.9285227746489295,1,0
0.8509143134124503,10,4.230593606988926,81,43,1621,4,0.890396089968648,1,0
0.7899303488599051,9,4.020526867651107,26,24,1790,9,1.0758762848005168,1,0
0.4583077001357909,33,5.0,0,2,9,0,0.10932216790414612,0,1
0.681319695127151,12,4.171886114252751,73,65,515,10,1.1815049409696794,1,0
0.2097080983097925,45,5.0,0,4,20,0,0.45979043249667395,0,1
0.4351188346900209,25,5.0,0,1,44,1,0.4488265462501775,0,1
0.11542693483916677,47,0.0,1,0,35,1,0.16885170823225376,0,1
0.9185182305418929,10,4.797164561892425,35,17,1261,3,1.0125705270220862,1,0
0.3654711021523268,40,5.0,0,1,54,1,0.22436862247334202,0,1
0.6712962904812011,4,4.9489803010136715,52,26,493,10,1.1017787931984864,1,0
0.9153605732239608,7,4.753956800549485,37,78,1779,1,0.7983305892543325,1,0
0.1419568923548171,21,5.0,2,0,58,1,0.47418367983259124,0,1
0.8152586185348953,14,3.905438034081031,93,3,647,1,0.712509659803311,1,0
0.7034545269331018,3,4.1231849681909605,67,9,574,5,0.8598628067475592,1,0
0.3662720871576657,39,5.0,0,3,27,1,0.15045703642179264,0,1
0.35824359620298196,43,5.0,1,1,55,1,0.3800397850688716,0,1
0.2810730972867833,23,5.0,2,2,34,1,0.3710351475023791,0,1
0.4699037891215253,23,5.0,1,3,5,1,0.4131422931694716,0,1
0.3067192991921699,37,5.0,1,2,32,0,0.32034984490235907,0,1
0.7132264163528699,11,3.735972615873069,90,74,823,13,0.7682488811584625,0,0
0.14639937840319517,49,5.0,2,2,23,0,0.2121104153428225,0,1
0.6368814048940754,11,3.8823886560066505,85,37,210,11,0.8126839463401472,1,0
0.8600939221242636,5,3.7955703177334357,57,67,1798,2,1.072352005847279,0,0
0.6691201087303398,13,3.8863759319329807,97,21,781,16,0.929043669614712,1,0
0.18883466292342255,26,0.0,2,0,24,0,0.48456073817487433,0,1
0.4853810850335062,41,5.0,0,0,38,0,0.43490291030089157,0,1
0.22267983079461398,49,5.0,0,2,22,0,0.41398353444773917,0,1
0.12047787751316884,24,5.0,0,2,32,1,0.26758682069021045,0,1
0.39372438405763577,41,0.0,2,2,4,1,0.45701972896147736,1,1
0.7180655521911117,4,4.678261389308938,32,24,1160,10,0.802130049161198,0,0
0.9736592783652825,9,4.3677479719576455,59,16,1746,4,1.0920196275749712,1,0
0.6055747733539171,14,4.8246359765905815,42,37,1632,10,0.7059667139526514,0,0
0.3811201499511955,47,5.0,1,2,21,1,0.30855714129851786,0,1
0.2847146336412692,31,0.0,1,3,41,0,0.18109843706023854,0,1
0.4171277175882382,46,5.0,2,0,15,1,0.45325565690034286,0,1
0.282989112591736,23,5.0,1,4,41,1,0.1943432909848477,0,1
0.8093329427296657,4,3.7631580623308594,66,29,1260,11,1.0647220607290495,0,0
0.608340994602172,7,4.342437591180602,24,3,157,12,0.7197021930061733,1,0
0.6268734191557294,9,3.9192876336890516,81,78,934,19,1.1697788963196853,1,0
0.9349739855958902,7,3.9935508406842293,78,57,602,7,1.118279271400406,1,0
0.802103149851862,10,3.871048756122739,65,33,1398,11,1.10710538036516,1,0
0.25734610121838675,46,5.0,2,3,34,1,0.3283437746725927,0,1
0.34384884318236986,27,5.0,2,1,22,1,0.21341030987498458,0,1
0.8392154076265127,13,4.224187223611269,29,66,1764,6,0.8808228996377587,1,0
0.34023484289065076,43,5.0,1,3,35,1,0.3791614469675516,0,1
0.8771990457105387,7,3.570182777258314,32,12,208,7,1.173305960957821,0,0
0.1725320568604259,21,0.0,2,3,8,0,0.3808988513680688,0,1
0.9065489963071397,6,4.433492327891843,50,66,1597,11,1.1466545210433874,0,0
0.8423207315593858,5,4.678327754045245,24,27,334,19,1.060438225525236,0,0
0.7671895088389832,6,4.375306502032421,55,66,1117,8,1.1597174505608046,0,0
0.622588989276216,14,4.755083840149714,97,43,926,1,0.894385302372477,1,0
0.7350360468777188,11,3.7502626743899956,41,57,1277,1,0.8524491129638043,1,0
0.928481131238167,9,4.48528639384899,46,36,1655,6,0.8976407638885298,1,0
0.6052271093949545,8,3.827340493045634,32,15,314,15,0.7579684019966741,0,0
0.6948994776890034,7,3.8650588826520815,42,25,875,16,0.7526423944782076,0,0
0.9797800248952715,4,4.7704802616253446,41,5,1820,13,1.094140142792518,1,0
0.3668387772650742,28,5.0,0,0,27,1,0.26623373998109845,0,1
0.2923197604291191,37,5.0,0,0,52,0,0.38941337028679146,0,1
0.27950477619931485,24,0.0,1,2,49,0,0.24954563362710935,0,1
0.3049109188440866,39,0.0,1,1,2,1,0.2990116150539325,0,1
0.20450220067100122,25,0.0,2,0,50,0,0.14599665574669649,0,1
0.7668359887948399,8,3.884344669271729,53,42,1001,6,1.1699245085958903,1,0
0.12793328333778864,35,0.0,0,3,55,0,0.4499434630488728,1,1
0.7017958226367657,8,4.790657282874781,50,28,1057,4,1.1142492594138729,1,0
0.2523585811334551,33,5.0,2,0,26,0,0.25631545350210505,1,1
0.13539348446573213,26,5.0,2,1,19,1,0.34624948207330153,1,1
0.3983119012676183,48,5.0,1,0,45,1,0.3232203840934953,0,1
0.16277144217188966,39,5.0,2,0,40,1,0.25255273144271123,0,1
0.8155859928080564,3,4.0386475425411135,35,77,145,19,1.0567145890790366,1,0
0.19477761409073102,24,5.0,2,4,49,0,0.1701977124091726,0,1
0.4471607791923462,31,5.0,2,3,15,1,0.42548862976970403,0,1
0.30995728495180846,29,5.0,0,2,33,0,0.4043781716851753,0,1
0.4077242972936608,48,5.0,2,3,48,0,0.3217152527700181,0,1
0.2185316788365766,37,5.0,0,4,44,0,0.4021240629710169,0,1
0.3432106668388277,33,5.0,1,3,12,1,0.19538299184976987,0,1
0.10476095573244058,35,5.0,0,4,17,0,0.3022162540965747,1,1
0.4800494270235468,27,5.0,2,2,15,0,0.37895210602020846,0,1
0.7387226569369225,4,4.540746109419715,64,41,803,18,0.9984104229369377,1,0
0.3302634547648129,23,5.0,1,1,26,1,0.13643386660089557,1,1
0.3030934489060482,46,5.0,2,2,29,1,0.37092425007001606,0,1
0.6845495722861963,7,4.23577968411781,97,70,1232,9,0.917276926641513,1,0
0.4275493261874391,40,0.0,1,1,13,0,0.27471261618499143,0,1
0.7255067264441796,6,4.857304219230331,8,33,1609,1,1.0227692217844557,1,0
0.6545142468521044,7,4.641209197590776,28,38,704,17,1.0104745322143702,0,0
0.7644895102217412,8,4.124852589204568,42,71,653,14,0.8318498504863696,1,0
0.4278811040346068,48,5.0,1,2,31,0,0.31458321936232014,0,1
0.9218038317569804,6,4.020741999477447,15,35,201,14,1.0747067274724542,1,0
0.3302254485206977,34,5.0,0,3,23,0,0.4169273196450026,0,1
0.34843277260607675,40,0.0,1,0,57,1,0.10072868502020832,0,1
0.27590181780883377,32,5.0,0,4,57,0,0.2686525633348906,0,1
0.6862264870293674,5,4.7301095025913025,92,63,1323,16,0.7512697336237399,1,0
0.4301680820472019,41,5.0,1,1,47,1,0.3225314744412081,0,1
0.1734389217716461,41,5.0,2,2,1,1,0.27488866266401724,0,1
0.7877457950787108,8,4.70122460991179,94,76,144,17,0.7091896495362795,0,0
0.32163192983840583,44,5.0,2,3,19,0,0.26848851623634074,0,1
0.24725549533818067,29,0.0,2,1,54,0,0.10603552740832285,0,1
0.616270940253694,8,4.846458417388433,19,72,489,3,1.0399520468471568,0,0
0.4104085298814789,20,5.0,1,3,41,0,0.32145383096834884,0,1
0.9554606659084112,8,4.029525486653695,63,38,1047,4,0.9380929566141634,0,0
0.44894540238786795,39,5.0,2,3,28,1,0.12701610659374107,0,1
0.3900202796656853,24,5.0,0,2,36,0,0.35536195186405073,0,1
0.7154827716048822,13,4.250291312288311,59,13,1108,19,1.1101421577255561,1,0
0.9111240328770094,9,4.788105719738241,57,67,1223,3,1.0396930302346792,0,0
0.23616378292674223,30,5.0,0,2,33,0,0.31495135410891395,0,1
0.3282195462899363,25,5.0,2,0,27,1,0.3133048981007001,0,1
0.12498758458862819,24,5.0,2,1,24,0,0.24610230998772953,0,1
0.8318253627597426,5,3.9791866246245555,20,74,273,2,0.9916979199099263,0,0
0.9890610398671744,12,4.762791764464163,8,9,1081,10,0.8032777461778197,1,0
0.6514825078503472,8,3.602889866792536,97,52,854,5,0.9452834334739779,1,0
0.8700688174375126,5,4.635639849554485,52,15,779,16,0.8610182957967326,1,0
0.20509374576502593,20,5.0,2,2,21,0,0.1256188268273539,0,1
0.36374234940868744,39,0.0,1,4,27,0,0.10105254692853172,0,1
0.905256343972183,4,4.627181614027868,9,10,1294,7,0.7303366242595066,0,0
0.7535576572300055,14,3.7763098803596886,53,6,979,4,0.9639367014751845,1,0
0.390721924380502,39,5.0,0,0,46,0,0.4725105317812195,1,1
0.393129822456619,43,5.0,0,0,41,0,0.14429785648643267,0,1
0.3236747014265774,40,0.0,2,4,1,1,0.21393481067641434,0,1
0.224722553849811,22,5.0,2,3,12,1,0.12595981702199077,0,1
0.2124260526092012,30,5.0,0,1,30,0,0.41763010288612423,0,1
0.25076227946836727,23,5.0,1,2,7,1,0.14403792240407165,0,1
0.19108816603382273,46,5.0,0,1,38,0,0.4188777846467985,0,1
0.41507189004041134,37,5.0,1,1,13,0,0.3876484517004182,0,1
0.1866981675809866,41,5.0,0,3,57,0,0.1893133545414686,0,1
0.4051834286852174,34,5.0,0,1,47,1,0.3287316419729794,1,1
0.13876804480982805,35,5.0,2,3,40,0,0.48076012235439025,0,1
0.1697829489695642,36,0.0,0,0,43,1,0.11428186691320025,0,1
0.33298214555270234,49,0.0,1,3,49,0,0.22171702693306636,0,1
0.22286682983136208,37,5.0,0,1,42,0,0.4483431697638238,1,1
0.708894899500461,7,3.75979810320389,66,1,1643,2,0.852212854987463,1,0
0.6257597594311258,6,4.353039955501386,96,62,870,9,0.7813278453304702,1,0
0.4906850019820407,23,5.0,0,2,18,0,0.44378001859197225,0,1
0.7390193551672577,14,3.9940690858752688,32,66,1122,4,0.8042225123858263,1,0
0.32338507049877696,44,5.0,0,0,20,1,0.3729163709925134,1,1
0.9254367237360485,11,3.862720393764037,80,32,1419,17,0.7839763384815546,1,0
0.495348430308269,31,5.0,0,4,55,1,0.28121125009213366,0,1
0.8622009909987758,4,3.6423274282056166,12,53,1440,13,1.1762636840076466,1,0
0.23714275667737847,34,0.0,2,1,59,1,0.4281787129096851,1,1
0.17700766349427322,26,5.0,1,3,32,0,0.47543639079283406,0,1
0.3869804587255068,44,5.0,0,4,39,1,0.37785595289227103,0,1
0.20787421459509053,29,5.0,2,4,49,1,0.3044809435901686,0,1
0.2617355303308789,45,0.0,0,1,16,1,0.3791462577343837,0,1
0.18006338902187347,46,5.0,1,4,18,1,0.2608145203373693,0,1
0.7285671274261831,14,4.946773883246211,12,20,114,7,0.7233282326011499,1,0
0.46082941273504485,44,5.0,0,2,19,0,0.2813135367314976,0,1
0.9720827840086662,4,4.753476832457344,19,54,788,8,0.7069268843195835,0,0
0.22847294823331052,42,5.0,1,4,21,0,0.11313140937714494,0,1
0.49357015966345197,23,0.0,1,4,1,0,0.2543705940065639,0,1
0.30738806203247093,32,5.0,1,2,19,1,0.1793380755451128,0,1
0.8106897722451257,3,4.714506018434164,57,75,628,18,0.7010652769563492,1,0
0.22388939467338728,46,5.0,2,2,7,0,0.37131394025139297,0,1
0.3439513867380445,22,0.0,2,1,33,0,0.38844634762425634,0,1
0.6104580967897495,9,4.563324305400307,97,24,780,1,1.0616327352699955,1,0
0.7173200090863092,9,4.102614181258795,45,70,491,14,0.783763259981644,1,0
0.461031294339767,32,5.0,1,2,50,1,0.33238471357307353,0,1
0.7331941407263207,14,4.174011021939176,54,43,1264,9,0.9446939086071198,1,0
0.2884536372936033,30,0.0,2,2,7,0,0.21880863227757832,0,1
0.39347962855209806,20,5.0,2,0,52,1,0.17452284264977969,0,1
0.7518738500478823,12,3.9950375757458456,68,14,234,17,1.1572156575796808,1,0
0.8015721002205066,6,3.8398573258722815,59,66,1518,8,0.9588973449380582,1,0
0.34553460360816224,40,5.0,2,0,48,1,0.19304202640941961,0,1
0.4699772794633631,35,5.0,2,4,16,1,0.47400963618967307,0,1
0.41878747137879546,21,5.0,2,3,30,0,0.3185720284038521,0,1
0.3236198592855875,45,5.0,0,3,12,0,0.16346701617415765,0,1
0.16996401250087248,26,5.0,0,2,38,1,0.1268401924249131,0,1
0.20057633172434666,44,5.0,2,1,57,1,0.17497562752578522,0,1
0.28864158100651116,28,5.0,1,3,51,0,0.4772509910304765,0,1
0.38303017827209274,41,5.0,1,0,58,0,0.4106604420986636,0,1
0.8686835713153696,10,3.5116407315382356,72,14,1292,6,0.7669121423947755,1,0
0.3872581223949322,38,5.0,0,4,36,0,0.2863173395249241,0,1
0.36643956036759395,25,5.0,0,2,49,0,0.46840851934252303,0,1
0.1503540898573928,42,0.0,1,1,52,1,0.410447767999771,0,1
0.6501050049973475,11,3.5992896707590125,32,61,985,3,1.0577176287991386,0,0
0.338571302641548,45,5.0,0,2,42,0,0.43370741067950924,0,1
0.9974747474070403,12,3.858815855593066,75,52,1479,11,1.0688014286055378,1,0
0.7698841388695642,14,3.561958667584735,58,6,429,7,0.732421011358651,0,0
0.1644584907721059,25,0.0,0,4,33,1,0.20655519010886392,0,1
0.10771130498839786,36,5.0,1,3,13,1,0.19867518346367632,0,1
0.713968800786887,10,3.9622451720462393,9,34,507,7,1.139010627437328,1,0
0.6785034338943398,4,3.5998402195226022,49,70,329,16,1.0683645110318136,1,0
0.9893383799501235,3,4.2125206168553175,78,7,782,11,0.979402836631392,1,0
0.35667517993848186,44,0.0,2,2,59,1,0.4538255650516845,0,1
0.840815718404362,7,3.733245526996633,32,65,511,3,1.0313844038214746,0,0
0.6310504845516217,9,4.607565619247127,38,67,1678,3,0.725589424399603,1,0
0.45983764652300096,41,5.0,0,0,42,0,0.32545317028391163,0,1
0.8937481188487355,8,3.5625402396616623,86,71,1611,5,0.9082605191980955,0,0
0.9722334936574576,5,4.058272513743892,22,55,349,7,1.1288468840914119,1,0
0.8487654507907474,8,4.076752164789315,84,27,1621,4,0.72188613181861,0,0
0.3439940597091955,24,5.0,1,3,23,1,0.2122873557249817,0,1
0.6107341718171446,7,4.529416195574823,97,7,716,8,0.7719545751631338,0,0
0.10979200644194781,34,5.0,2,1,19,0,0.19396987174583424,0,1
0.9693929926051186,9,4.227631344328509,8,44,1146,5,1.123082998621814,1,0
0.8470510116563976,5,4.220244429029015,18,71,609,14,1.0558121846422281,0,0
0.901242894159695,4,3.894208465554847,35,60,979,8,0.7449556793505647,0,0
0.6401655034335715,8,4.399927115793912,75,25,1101,10,0.9230860755192027,1,0
0.3058131983982534,35,5.0,2,2,25,0,0.2371732161454456,0,1
0.7788379797408509,12,4.517276185376543,66,25,1031,17,1.0721314084618623,1,0
0.4861662755938345,25,0.0,0,1,4,1,0.21350507700207222,0,1
0.3214922232027393,39,5.0,0,1,12,0,0.40834845295538247,0,1
0.3325498386900956,46,5.0,0,1,12,1,0.3091659418792623,0,1
0.44382609804256234,33,0.0,0,0,26,0,0.48485351704958046,0,1
0.6219035756870201,3,4.021707169961778,51,73,1583,3,0.7917233971388418,1,0
0.32131036182746664,47,5.0,1,1,52,1,0.11203052108485162,0,1
0.6760744116065889,12,4.059387121123347,25,1,1713,10,0.8522482526205569,1,0
0.9508087970249253,4,4.210823343134853,42,61,1463,13,1.0141857309156057,1,0
0.6966348457706116,6,4.132615335077913,52,10,912,7,1.097099290594375,0,0
0.7419611388875731,8,3.604400519337626,59,32,842,11,1.0998041149799611,1,0
0.9377274119047437,11,3.996899099569571,71,61,728,3,1.0366792563669172,1,0
0.6903600195692825,5,4.358977745488162,15,73,716,14,0.811005537489875,1,0
0.40308170679980804,41,5.0,1,3,8,0,0.11455283163687918,0,1
0.9697853471501316,14,4.225477075653873,58,76,1195,1,0.7584236343227155,0,0
0.3645841941446153,31,5.0,1,3,9,0,0.2534278405768253,0,1
0.725352255125577,8,3.529381525529297,76,59,928,11,0.8803747931645061,1,0
0.47964763538101074,47,5.0,0,1,24,0,0.4325542464452019,0,1
0.6375948269349357,5,3.6979975237580085,31,23,841,1,1.0615809802929412,1,0
0.45366414125773846,32,5.0,0,2,28,1,0.1339914125755345,0,1
0.22054377165185057,20,5.0,2,1,33,1,0.29019145778675703,0,1
0.14289388911694234,24,5.0,2,2,20,0,0.23047888436570046,0,1
0.9924164956276341,12,3.5070702721624527,55,63,619,6,1.0284862623360878,1,0
0.4169024375025724,37,5.0,2,3,40,1,0.18738005155301019,0,1
0.7223269704485109,11,3.5469941775500002,79,61,647,13,0.7193430780020391,0,0
0.11058608360710771,27,5.0,0,1,1,0,0.4017066044511758,1,1
0.7430576024265793,14,4.663288180312812,35,61,1110,17,0.7767972368278075,0,0
0.8351345355406629,11,4.404153095426226,5,10,900,9,1.12866984074286,0,0
0.36056948033260117,23,5.0,2,4,48,1,0.23427945144571016,0,1
0.30215195174693477,35,5.0,0,3,31,0,0.29331394152021506,0,1
0.19531151637139074,21,5.0,1,0,54,0,0.20405875407491122,1,1
0.8601390198556182,3,4.446010621997543,34,75,1681,19,0.7202243834157289,1,0
0.7874470417535123,5,4.1864077481638615,33,69,806,16,1.0548817028388617,1,0
0.8992915983356198,6,4.251125200764613,10,39,583,13,0.8261249659687209,1,0
0.4306840796307384,48,0.0,2,3,44,0,0.2741000392526991,0,1
0.18065579316291813,44,5.0,0,2,32,0,0.3706895578083157,0,1
0.8135942997746152,4,3.546686277100768,57,49,287,16,0.7806879065039175,1,0
0.43397289510844306,21,5.0,0,3,18,1,0.39798892476570746,0,1
0.9256843288895845,3,3.5510962403884303,83,42,1177,9,1.0420676289221102,0,0
0.399702584925098,43,5.0,0,3,39,0,0.4037204050850045,0,1
0.36707445667597327,44,5.0,2,3,27,1,0.43941962310984517,0,1
0.9948064071464879,8,4.403467411498396,46,35,163,14,0.9286379618008154,1,0
0.2812542554114586,29,5.0,2,4,22,1,0.4550502167319299,0,1
0.9666946418637556,7,3.7415430131619036,36,69,1136,13,0.8091627394689757,1,0
0.6438641080595283,13,3.504634520970286,74,16,1668,17,0.7142454323506295,1,0
0.40495342338153006,47,5.0,1,3,54,0,0.23990316871106795,1,1
0.38183296059815663,28,5.0,2,3,59,0,0.3002573383460903,0,1
0.18333383229435488,48,5.0,2,2,47,0,0.13391385360496233,0,1
0.8228035805228059,12,4.482478866676875,45,16,567,5,1.0247330086704671,1,0
0.8494828783805918,3,4.456069302369277,44,77,731,19,0.8948178839795305,1,0
0.9575558836921932,4,4.840320363337174,30,42,1340,3,0.8926660164261465,1,0
0.4077339839337737,39,5.0,0,1,17,0,0.11535472868757442,0,1
0.3843936106033613,23,0.0,2,3,49,1,0.44281533463177225,0,1
0.6397780184112748,8,3.5070554719567104,20,49,905,18,0.9580829779153816,0,0
0.6001259779480062,7,4.284068150833656,60,72,403,19,0.7176635164966425,1,0
0.7660409940130951,14,3.9780535461477973,88,34,1616,11,0.7517933775410923,1,0
0.816946789354688,12,4.20630226107598,7,14,1312,3,1.1092502420297399,1,0
0.6244110260015447,4,4.517145032343279,64,57,1166,19,0.7817600767828887,1,0
0.29397000575351373,20,5.0,1,0,41,0,0.4423890756560138,0,1
0.4785512691985593,37,5.0,2,1,54,1,0.22861806421028277,0,1
0.9735392323230874,4,3.6771943601240253,9,25,742,3,0.7921671289328404,0,0
0.31597543334400957,35,5.0,2,4,51,0,0.4188313085768133,0,1
0.8371903129679283,13,3.7844967051476894,21,6,132,13,1.1993801780533015,1,0
0.9917041052645472,8,3.690203698283309,34,27,888,18,1.0889186672786668,1,0
0.9054134949394785,5,4.732166939194116,27,25,1715,14,0.7829134269475246,0,0
0.1590393323534933,32,5.0,0,3,57,1,0.1509470539214257,0,1
0.6638719576886116,9,3.935960360625071,60,20,1413,17,0.7423782440583644,0,0
0.8971780120858448,11,4.0924024280627105,24,1,1450,6,1.0760403969856691,0,0
0.7865860555289642,3,3.889422451760419,97,26,958,14,0.8364388951138748,1,0
0.30503037355863266,30,5.0,1,3,53,1,0.4308903855550399,0,1
0.3934556564145031,42,5.0,1,2,58,1,0.49326981908671785,1,1
0.25706493000115516,33,0.0,0,1,49,0,0.18616288676421405,0,1
0.19503790101006513,32,0.0,0,2,14,0,0.26270246091532923,0,1
0.8944525821420618,5,3.7739280565266116,52,43,1102,11,1.1157121895449404,0,0
0.11387505948903334,49,5.0,2,1,9,1,0.25740684847925377,0,1
0.11059586562571014,44,5.0,2,2,34,0,0.4465170892088285,0,1
0.29944589851362047,40,5.0,2,2,12,1,0.34462135588130527,0,1
0.6420733597073018,7,4.195909518810634,59,1,677,17,1.0657203201301961,1,0
0.10367028654666446,30,0.0,1,0,46,0,0.3986718718274612,0,1
0.15177355424594793,37,0.0,1,0,29,1,0.43921482114238364,0,1
0.33114599317499216,38,5.0,1,4,39,0,0.3842592640921244,0,1
0.15616290634328478,47,5.0,1,2,2,0,0.22078057754557784,0,1
0.8411827710557676,7,4.896323417679896,44,31,840,14,0.7687504904142506,1,0
0.49807332107422764,20,5.0,0,4,32,1,0.4140654677338942,0,1
0.46362765419277385,23,0.0,0,2,11,0,0.12199618307249477,1,1
0.8457227639051819,4,3.990680564383939,57,66,813,4,1.058018164574045,0,0
0.14851024182589884,42,5.0,2,4,10,1,0.3037353122079785,0,1
0.19947797803884867,48,5.0,0,3,33,1,0.3567658101560427,0,1
0.874175543440236,14,4.060884190433422,11,47,1281,6,0.7403963317764877,1,0
0.6428470156950996,14,4.094060692482431,16,40,90,13,1.1235173870232464,0,0
0.2663234412910452,27,5.0,0,0,13,0,0.3023565090962557,0,1
0.2945058451852056,48,0.0,2,3,7,0,0.341911832471836,0,1
0.26542330743413395,28,5.0,0,0,18,1,0.14040432945773454,0,1
0.8680763010146084,5,4.7335122820276005,15,21,1064,14,0.8566284730891067,0,0
0.9791971627263244,5,3.8788221705610884,25,14,341,10,1.1291005763290238,1,0
0.7917522241605105,6,3.7025577160081173,33,20,1026,19,0.8163004189486243,1,0
0.8116221877393281,3,4.048205541640235,75,37,1245,11,1.0802342818730433,1,0
0.8715569073987015,4,4.323382845710533,81,67,100,8,0.8344665871808408,1,0
0.8634272113149655,9,3.6020960597386544,70,11,1159,12,1.1357006337154327,1,0
0.3226532449828835,40,5.0,2,1,24,1,0.183605745527771,0,1
0.7690172772970698,14,4.7153322742584045,48,76,1652,18,1.1385027315062133,1,0
0.7079696898376592,4,4.664268342913454,82,26,1522,11,0.9125482172181424,1,0
0.11229633870209917,43,5.0,2,2,46,0,0.15257694452337725,0,1
0.8908673276618828,9,4.734107714044175,6,32,978,4,0.9240967875061579,1,0
0.7198942841116632,11,4.8051000649116204,97,57,142,15,1.0113321727721494,1,0
0.6311615496454535,4,4.893295646239632,54,76,654,10,1.0684063436089273,1,0
0.11363242699833793,43,0.0,1,3,9,0,0.418119665177381,0,1
0.7146229222630562,5,3.864187270150989,37,53,1125,12,1.1552376997797316,0,0
0.2168365482170463,45,5.0,0,4,1,1,0.24863334969617498,0,1
0.9900559876369799,13,3.512126729823951,52,60,1097,19,1.0829948276128187,1,0
0.33488508020136454,32,5.0,2,3,36,0,0.25822264615176704,0,1
0.17460683270022637,25,5.0,1,4,17,0,0.4549615216233638,0,1
0.6774294224664079,4,4.985233793985974,74,32,1019,15,0.8790853543456109,0,0
0.7759873512372504,8,4.263421528691832,16,33,1049,4,1.0371022922108881,1,0
0.6646532042181548,11,4.301842998045532,84,37,1713,11,0.7504923933260184,1,0
0.8469989471125239,10,4.943605538123879,45,33,780,2,0.9537967401425294,0,0
0.616516104659752,6,3.5569135656070276,76,52,1401,5,0.7080770829719514,0,0
0.6078984921288385,4,4.146900077132305,8,44,1187,3,0.8120521691765787,1,0
0.8735747273014076,11,4.63277442687141,98,12,1610,16,0.8664283133912027,1,0
0.9383430439483912,3,4.539556289315943,24,74,903,18,0.8784666369902869,0,0
0.3098335387013751,33,5.0,0,1,36,1,0.4080631648892178,0,1
0.9795067557244637,10,4.234493483656151,32,8,717,2,0.8688222209140346,1,0
0.14670652652356742,29,5.0,2,1,42,1,0.2642675229804133,0,1
0.7904372788718097,8,4.335843486271283,76,69,1357,11,0.7018921934215715,0,0
0.922399437518851,12,4.687996131723521,19,42,1165,9,1.0895383337700977,1,0
0.7951624163249001,3,3.52105279095606,75,61,1462,6,0.7168225156848909,1,0
0.4129421937062999,44,5.0,0,2,52,1,0.4689122519372839,0,1
0.997266199104021,10,4.220202965967491,64,72,1028,8,0.7975614652683747,0,0
0.8296648597801363,14,4.191979959186956,48,62,925,17,1.1376020634826582,1,0
